scene_id,scene_col,scene_row,lat,lon,class_id,class_name,conf,box_w_px,box_h_px,chip_row_off,chip_col_off
590dd08f71056cacv,7257.906646728516,8937.523223876953,6.370693652652738,3.4488949736627075,0,cooperative,0.5973,8.9,9.2,8640,6912
590dd08f71056cacv,5547.539733886719,9331.230339050293,6.335189924676752,3.2942230009913027,0,cooperative,0.58392,7.5,7.6,9216,5184
590dd08f71056cacv,6698.872985839844,9435.036834716797,6.325730144531369,3.398312761012815,0,cooperative,0.55392,13.8,13.6,9216,6336
590dd08f71056cacv,4980.0064697265625,8868.646789550781,6.377062334744199,3.242929142180593,0,cooperative,0.55242,8.3,8.6,8640,4608
590dd08f71056cacv,7201.837951660156,9645.123565673828,6.3066889831299475,3.4437705644207033,0,cooperative,0.54492,9.5,9.5,9216,6912
590dd08f71056cacv,6693.961944580078,9249.806092262268,6.342486436044843,3.3978815742850417,0,cooperative,0.53548,11.9,11.4,9216,6336
590dd08f71056cacv,6013.32243347168,9033.805236816406,6.362069551939742,3.336353998901676,0,cooperative,0.53122,11.0,10.7,8640,5760
590dd08f71056cacv,2943.010940551758,12545.801300048828,6.044471796454306,3.0587012190731016,0,cooperative,0.53001,9.7,10.0,12096,2880
590dd08f71056cacv,4632.853759765625,9980.631805419922,6.276484353772507,3.2114978089362287,0,cooperative,0.52668,15.1,14.9,9792,4032
590dd08f71056cacv,7099.337127685547,8921.442932128906,6.372160536104367,3.4345584300095795,0,cooperative,0.52288,14.5,14.1,8640,6912
590dd08f71056cacv,6214.8509521484375,8958.668029785156,6.368854300219108,3.3545806638652715,0,cooperative,0.52174,17.7,17.4,8640,5760
590dd08f71056cacv,6140.298767089844,9105.05191040039,6.355616955767633,3.3478307423626394,0,cooperative,0.50575,14.2,13.9,8640,5760
590dd08f71056cacv,6283.079345703125,9580.574401855469,6.312592219528019,3.3607107800637035,0,cooperative,0.49828,15.9,15.5,9216,5760
590dd08f71056cacv,5899.713165283203,8985.283996582031,6.366465390983984,3.326084316962882,0,cooperative,0.49633,14.5,14.5,8640,5760
590dd08f71056cacv,6613.182678222656,9277.52755355835,6.339984308785608,3.3905760244080203,0,cooperative,0.49588,12.1,12.2,9216,6336
590dd08f71056cacv,6065.661315917969,9153.463851928711,6.3512420856606076,3.341079299671931,0,cooperative,0.49429,13.6,13.3,8640,5760
590dd08f71056cacv,6165.133972167969,9190.47607421875,6.347887944056666,3.3500710665081894,0,cooperative,0.49103,14.8,14.2,8640,5760
590dd08f71056cacv,4838.327865600586,10087.476318359375,6.266811201697969,3.2300694796399756,0,cooperative,0.48841,20.5,19.8,9792,4608
590dd08f71056cacv,4682.61515045166,10106.919250488281,6.265058347000521,3.215991793663939,0,cooperative,0.48838,14.1,13.8,9792,4608
590dd08f71056cacv,4953.155822753906,9876.654647827148,6.285877785623681,3.240459055759887,0,cooperative,0.48766,14.4,14.4,9792,4608
590dd08f71056cacv,5818.828636169434,9096.253326416016,6.356431607476685,3.3187645553355987,0,cooperative,0.48707,17.6,17.5,8640,5760
590dd08f71056cacv,6363.59375,9094.595153808594,6.356548906561821,3.3680212407928285,0,cooperative,0.48506,15.8,15.2,8640,5760
590dd08f71056cacv,4484.019989013672,9981.724578857422,6.2763907602140465,3.1980424248575896,0,cooperative,0.48061,9.3,9.3,9792,4032
590dd08f71056cacv,6072.2669677734375,9216.1796875,6.34556839158246,3.341672824603114,0,cooperative,0.47687,17.6,17.7,8640,5760
590dd08f71056cacv,6256.691589355469,9276.020889282227,6.3401438762463975,3.358344033277627,0,cooperative,0.47585,15.7,15.5,9216,5760
590dd08f71056cacv,5927.308563232422,9201.1611328125,6.34693545518896,3.3285670971392802,0,cooperative,0.47432,16.4,16.1,8640,5760
590dd08f71056cacv,6873.2879638671875,9508.45947265625,6.31907602723741,3.414076687540317,0,cooperative,0.47339,14.0,14.2,9216,6336
590dd08f71056cacv,4879.455749511719,12860.033813476562,6.015998516725032,3.23367821449363,0,cooperative,0.47251,9.9,10.4,12672,4608
590dd08f71056cacv,6675.150207519531,9194.306579589844,6.347508217134622,3.396184545130677,0,cooperative,0.47063,11.9,11.3,8640,6336
590dd08f71056cacv,6593.120429992676,9529.715545654297,6.317172745410687,3.388745049202628,0,cooperative,0.46463,15.8,15.7,9216,6336
590dd08f71056cacv,6422.278778076172,9302.779731750488,6.337712706129926,3.3733138511041747,0,cooperative,0.46388,18.1,17.5,9216,6336
590dd08f71056cacv,6238.206695556641,9130.965393066406,6.353266787955464,3.356681746460378,0,cooperative,0.46295,9.8,9.7,8640,5760
590dd08f71056cacv,6106.993713378906,9016.025390625,6.363672341067782,3.3448247373567375,0,cooperative,0.46276,15.6,16.0,8640,5760
590dd08f71056cacv,5579.690032958984,9136.115631103516,6.352838505064814,3.297139971236379,0,cooperative,0.46248,17.3,17.3,8640,5184
590dd08f71056cacv,5551.289123535156,9718.3232421875,6.300172947228798,3.2945422023531084,0,cooperative,0.46222,7.7,7.4,9216,5184
590dd08f71056cacv,4849.243301391602,9958.734313964844,6.278456969413323,3.231061400178098,0,cooperative,0.46185,16.9,16.6,9792,4608
590dd08f71056cacv,4522.361968994141,10069.272033691406,6.268469743893402,3.2015056984232526,0,cooperative,0.459,17.3,16.2,9792,4032
590dd08f71056cacv,6302.232482910156,9406.342681884766,6.328352071760483,3.3624533897299274,0,cooperative,0.45893,15.3,15.0,9216,5760
590dd08f71056cacv,6332.095947265625,9000.576232910156,6.365055889448588,3.365179281265467,0,cooperative,0.45707,8.5,8.4,8640,5760
590dd08f71056cacv,6431.033218383789,9757.286376953125,6.29659737519188,3.3740758574221053,0,cooperative,0.45683,13.2,13.3,9216,6336
590dd08f71056cacv,13515.480163574219,10441.124710083008,6.233893868303196,4.01440484339305,0,cooperative,0.45603,9.1,9.4,10368,13248
590dd08f71056cacv,6363.6600341796875,9199.824462890625,6.347029844349286,3.368020472771795,0,cooperative,0.45402,16.3,16.6,8640,5760
590dd08f71056cacv,18481.216678619385,21344.622520446777,5.246788223616654,4.460679820644361,0,cooperative,0.45009,9.9,9.7,21312,18432
590dd08f71056cacv,5946.245086669922,9627.779724121094,6.308342197392477,3.330254766149631,0,cooperative,0.44598,18.9,18.1,9216,5760
590dd08f71056cacv,6834.9246826171875,9222.329833984375,6.34496199119642,3.410628680987676,0,cooperative,0.43835,13.1,12.5,8640,6336
590dd08f71056cacv,7168.0687255859375,8971.415466308594,6.367634786479484,3.4407692670894945,0,cooperative,0.43812,14.3,14.5,8640,6912
590dd08f71056cacv,6514.044281005859,9228.519714355469,6.344424232974151,3.381615714365904,0,cooperative,0.43343,15.3,15.0,8640,6336
590dd08f71056cacv,6226.854888916016,12379.91162109375,6.059365336787857,3.3554583186089335,0,cooperative,0.43227,15.6,15.4,12096,5760
590dd08f71056cacv,4391.4459228515625,9921.73678970337,6.281820459509842,3.189675207443975,0,cooperative,0.4314,15.0,14.4,9792,4032
590dd08f71056cacv,6734.335754394531,9552.063293457031,6.315141476746866,3.4015108612011815,0,cooperative,0.42849,15.9,16.1,9216,6336
590dd08f71056cacv,4346.0797119140625,10056.387077331543,6.269641222108775,3.1855695102458417,0,cooperative,0.42677,19.5,19.5,9792,4032
590dd08f71056cacv,5800.2932205200195,9466.689743041992,6.3229227128068715,3.317068148077411,0,cooperative,0.4262,22.1,21.9,9216,5760
590dd08f71056cacv,5841.718597412109,8918.781188964844,6.3724845543222575,3.3208441863327667,0,cooperative,0.42489,13.7,13.8,8640,5760
590dd08f71056cacv,4083.348316192627,9221.320678710938,6.345190707225124,3.1618409206111924,0,cooperative,0.42257,9.5,10.0,8640,4032
590dd08f71056cacv,6924.579284667969,11411.497741699219,6.14692348043224,3.418577501347174,0,cooperative,0.42066,9.0,9.1,10944,6336
590dd08f71056cacv,7119.405731201172,9547.23715209961,6.315550032211908,3.436325414655392,0,cooperative,0.4202,16.6,16.5,9216,6912
590dd08f71056cacv,7512.635498046875,9557.809326171875,6.314562670110114,3.471876323878796,0,cooperative,0.41963,9.1,9.5,9216,6912
590dd08f71056cacv,6769.439849853516,9278.466804504395,6.339888511338688,3.4047038864581696,0,cooperative,0.41952,11.8,12.2,9216,6336
590dd08f71056cacv,6312.5823974609375,8861.992660522461,6.3775934199990925,3.363423699616091,0,cooperative,0.41774,9.4,10.0,8640,5760
590dd08f71056cacv,7624.319152832031,9085.810180664062,6.357249920932142,3.4820131737928586,0,cooperative,0.41689,9.0,9.6,8640,7488
590dd08f71056cacv,6239.929138183594,9680.095703125,6.3035921698436495,3.3568034028177363,0,cooperative,0.41393,22.7,22.2,9216,5760
590dd08f71056cacv,6780.664367675781,9123.52621459961,6.353903605651101,3.40572971220218,0,cooperative,0.41336,12.9,12.6,8640,6336
590dd08f71056cacv,4998.501220703125,9137.670349121094,6.352725365672541,3.244589970401287,0,cooperative,0.4132,9.5,9.9,8640,4608
590dd08f71056cacv,5969.790542602539,10251.280700683594,6.251938488094109,3.332347736507168,0,cooperative,0.41014,17.3,16.4,9792,5760
590dd08f71056cacv,9118.566284179688,9363.727096557617,6.331966898306789,3.6170864808243444,0,cooperative,0.40773,8.5,8.8,9216,8640
590dd08f71056cacv,4087.635612487793,9901.012351989746,6.283704465764689,3.1622094304702673,0,cooperative,0.40754,16.3,15.7,9792,4032
590dd08f71056cacv,5807.172950744629,9361.0283203125,6.332480539578721,3.317695999328927,0,cooperative,0.40602,13.4,12.8,9216,5760
590dd08f71056cacv,4551.435729980469,9730.755615234375,6.29909148974737,3.2041460125228176,0,cooperative,0.40552,19.1,18.5,9216,4032
590dd08f71056cacv,23686.138124465942,18233.850799560547,5.5267699800847225,4.931067113474078,1,dark,0.404,20.3,20.6,17856,23616
590dd08f71056cacv,6955.6118240356445,11251.410614013672,6.1614027959896855,3.421393668841209,0,cooperative,0.39613,16.5,16.6,10944,6912
590dd08f71056cacv,4770.780059814453,9660.025268554688,6.30548172886886,3.2239794688583534,0,cooperative,0.39562,17.3,16.5,9216,4608
590dd08f71056cacv,5266.793144226074,9114.901550292969,6.3547730216985405,3.2688494828246992,0,cooperative,0.39484,12.1,11.8,8640,5184
590dd08f71056cacv,6099.493835449219,9407.899963378906,6.328223664361295,3.34412308098395,0,cooperative,0.39364,13.7,14.1,9216,5760
590dd08f71056cacv,4742.414474487305,9849.950103759766,6.28830193340132,3.221407655541987,0,cooperative,0.3927,21.2,20.6,9792,4608
590dd08f71056cacv,4632.460054397583,9583.67007446289,6.3123941600576865,3.2114767385374607,0,cooperative,0.39216,14.4,15.1,9216,4608
590dd08f71056cacv,6525.574432373047,9140.497680664062,6.352385937285763,3.382664096604037,0,cooperative,0.39137,11.7,11.7,8640,6336
590dd08f71056cacv,7016.777931213379,12988.618041992188,6.00424990638622,3.4267981425998415,0,cooperative,0.39021,8.2,8.4,12672,6912
590dd08f71056cacv,4292.051818847656,9715.860412597656,6.3004475818479255,3.1806957939304095,0,cooperative,0.38816,17.8,17.4,9216,4032
590dd08f71056cacv,4929.257629394531,9687.427429199219,6.30299653917707,3.23830630235393,0,cooperative,0.38641,21.1,21.0,9216,4608
590dd08f71056cacv,5823.2477951049805,8707.80989074707,6.391570159050456,3.319185850064425,0,cooperative,0.38483,7.8,7.5,8640,5760
590dd08f71056cacv,5540.845489501953,9889.70443725586,6.284670160216357,3.293589305302948,0,cooperative,0.38438,22.1,21.5,9792,5184
590dd08f71056cacv,6231.7479248046875,10297.203430175781,6.2477687874733325,3.3560258528839904,0,cooperative,0.37922,20.5,20.0,9792,5760
590dd08f71056cacv,7003.729034423828,10105.454284667969,6.2650625300398675,3.4258259916053415,0,cooperative,0.37905,8.8,9.2,9792,6912
590dd08f71056cacv,4098.531600952148,9782.738159179688,6.294403463580782,3.16319783674914,0,cooperative,0.37889,19.2,18.9,9216,4032
590dd08f71056cacv,6657.5107421875,9108.506103515625,6.355270933573008,3.3945955670412715,0,cooperative,0.37859,13.3,13.7,8640,6336
590dd08f71056cacv,6880.5694580078125,9124.382446289062,6.353818989829089,3.4147627564941567,0,cooperative,0.37273,16.0,15.8,8640,6336
590dd08f71056cacv,4985.355499267578,9449.664154052734,6.324502578963982,3.2433881279832013,0,cooperative,0.36866,20.3,20.2,9216,4608
590dd08f71056cacv,6429.96337890625,8834.811920166016,6.3800445985701115,3.37403924298254,0,cooperative,0.36805,10.6,10.4,8640,6336
590dd08f71056cacv,4095.9892959594727,9631.419158935547,6.308092128238358,3.1629722616906624,0,cooperative,0.36784,20.5,19.8,9216,4032
590dd08f71056cacv,5835.276153564453,9545.601196289062,6.315782388541273,3.3202266502126894,0,cooperative,0.36649,8.1,8.5,9216,5760
590dd08f71056cacv,4514.017395019531,10545.692443847656,6.225372175186873,3.2007348973261185,0,cooperative,0.36021,8.9,9.2,10368,4032
590dd08f71056cacv,13481.790939331055,8631.55908203125,6.3975712244367635,4.011677595232027,1,dark,0.35848,13.7,14.0,8064,13248
590dd08f71056cacv,4161.571243286133,10075.301361083984,6.267935838199216,3.1688886256097626,0,cooperative,0.35807,18.6,17.5,9792,4032
590dd08f71056cacv,6166.858489990234,9677.875671386719,6.303797472777863,3.3501973128436453,0,cooperative,0.35638,12.5,12.7,9216,5760
590dd08f71056cacv,7446.707092285156,8864.140716552734,6.3773166257815985,3.4659721581081193,0,cooperative,0.35406,16.8,16.7,8640,6912
590dd08f71056cacv,19331.132843017578,21005.50616455078,5.277271507351906,4.537427728385271,1,dark,0.35158,9.7,10.2,20736,19008
590dd08f71056cacv,24461.928771972656,16802.74112701416,5.655923239071619,5.001507047230117,0,cooperative,0.34922,9.9,9.8,16704,24192
590dd08f71056cacv,4444.371032714844,9605.970397949219,6.310383463720489,3.194470590991571,0,cooperative,0.3466,19.4,19.1,9216,4032
590dd08f71056cacv,21717.614166259766,19415.467224121094,5.420476982054023,4.753121254839204,1,dark,0.34642,16.0,15.7,19008,21312
590dd08f71056cacv,25222.13900756836,19428.920532226562,5.418262007682858,5.069287327298654,1,dark,0.34578,11.1,11.4,19008,24768
590dd08f71056cacv,9243.595249176025,10725.496307373047,6.2087720224876595,3.6282429009496657,0,cooperative,0.34471,10.1,10.1,10368,9216
590dd08f71056cacv,6075.9031982421875,8897.725708007812,6.374375638469599,3.342020638558268,0,cooperative,0.34191,10.8,10.4,8640,5760
590dd08f71056cacv,4694.022888183594,9382.447708129883,6.330594741254888,3.217050306092843,0,cooperative,0.336,21.9,21.2,9216,4608
590dd08f71056cacv,4235.176422119141,9544.692657470703,6.315933470452573,3.1755589289385098,0,cooperative,0.33541,17.6,17.8,9216,4032
590dd08f71056cacv,25009.660385131836,19003.506408691406,5.4567875238725065,5.050249942144952,1,dark,0.3349,15.9,15.6,18432,24768
590dd08f71056cacv,4812.7747802734375,9509.411926269531,6.31910478312863,3.2277821670921676,0,cooperative,0.32287,18.9,18.5,9216,4608
590dd08f71056cacv,21223.23992919922,16194.920579910278,5.7118195725472045,4.709356486913325,0,cooperative,0.31173,8.9,9.1,16128,20736
590dd08f71056cacv,6059.636291503906,8865.383422851562,6.377302305256718,3.340551696015746,0,cooperative,0.30864,7.4,7.5,8640,5760
590dd08f71056cacv,13272.681064605713,8922.090148925781,6.371330070264502,3.9927207422347446,0,cooperative,0.30123,9.0,9.4,8640,13248
590dd08f71056cacv,9154.689697265625,11404.867889404297,6.147327392713708,3.6201353069015947,1,dark,0.30097,17.7,17.5,10944,8640
590dd08f71056cacv,6208.2310791015625,12452.970642089844,6.052757424250334,3.3537710350008516,0,cooperative,0.3006,8.7,9.1,12096,5760
590dd08f71056cacv,23988.62255859375,19294.333465576172,5.430800530482531,4.958048558373879,1,dark,0.29855,26.2,26.3,19008,23616
590dd08f71056cacv,11086.765151977539,9206.237182617188,6.345970407872333,3.7950500489662025,0,cooperative,0.29326,7.1,6.8,8640,10944
590dd08f71056cacv,6676.800598144531,8954.932312011719,6.369161855220491,3.3963503478800408,0,cooperative,0.2925,9.8,9.6,8640,6336
590dd08f71056cacv,21411.79615020752,15906.561767578125,5.7378428807307955,4.726456104818825,1,dark,0.28472,11.8,11.4,15552,21312
590dd08f71056cacv,11187.544174194336,11779.230827331543,6.113220131933481,3.8038072248547445,0,cooperative,0.28382,9.0,9.1,11520,10944
590dd08f71056cacv,17354.46671295166,19990.0537109375,5.369524421315343,4.359297693575968,1,dark,0.28268,9.2,9.1,19584,17280
590dd08f71056cacv,19050.875854492188,20860.427520751953,5.290453559849572,4.512176078355159,1,dark,0.28043,23.7,23.9,20736,18432
590dd08f71056cacv,24339.78109741211,17445.497436523438,5.597849917485564,4.990285681681755,1,dark,0.27871,13.0,12.1,17280,24192
590dd08f71056cacv,7060.721542358398,14318.122436523438,5.883978735729115,3.4306752569727506,0,cooperative,0.27152,18.4,18.8,13824,6912
590dd08f71056cacv,15032.441390991211,9201.557739257812,6.34572343657151,4.151757841961195,0,cooperative,0.27021,19.2,19.3,8640,14976
590dd08f71056cacv,18711.614013671875,16235.293411254883,5.708798362302314,4.482603493880802,1,dark,0.2698,22.5,21.6,16128,18432
590dd08f71056cacv,22407.374267578125,18547.958206176758,5.498732929182909,4.815590480407669,1,dark,0.26396,14.8,14.9,18432,21888
590dd08f71056cacv,4632.240783691406,10411.283210754395,6.237526906873657,3.211426734648223,0,cooperative,0.2618,11.6,12.1,10368,4032
590dd08f71056cacv,4766.53125,9175.070922851562,6.349351547141972,3.223614192498034,0,cooperative,0.25866,8.9,8.5,8640,4608
590dd08f71056cacv,3972.3211059570312,9625.389709472656,6.30864093978647,3.1517914679733194,0,cooperative,0.25676,9.2,9.3,9216,3456
590dd08f71056cacv,21427.98110961914,17314.708251953125,5.610509839552686,4.727538135814206,0,cooperative,0.2552,8.9,8.9,16704,21312
590dd08f71056cacv,6539.879257202148,9086.774353027344,6.357244789636008,3.383961097731082,0,cooperative,0.25442,11.7,11.0,8640,6336
590dd08f71056cacv,6579.873382568359,9011.614624023438,6.364041034225609,3.3875823688073674,0,cooperative,0.24787,11.3,10.8,8640,6336
590dd08f71056cacv,23815.39385986328,16887.225540161133,5.6484832302943015,4.943131571665872,0,cooperative,0.247,8.2,8.1,16704,23616
590dd08f71056cacv,23392.92608642578,18250.87176513672,5.525316536315155,4.904604650392868,0,cooperative,0.24105,16.0,15.7,17856,23040
590dd08f71056cacv,24269.541549682617,17899.199096679688,5.556852254911913,4.9838093937339165,0,cooperative,0.24022,10.5,10.3,17280,24192
590dd08f71056cacv,19922.07843017578,19789.124908447266,5.387134886512211,4.591022301092125,1,dark,0.23688,26.0,26.7,19584,19584
590dd08f71056cacv,21780.49737548828,16397.379516601562,5.693361125677437,4.759605011689847,0,cooperative,0.23661,9.7,9.5,16128,21312
590dd08f71056cacv,18948.009384155273,16401.64663696289,5.693699138580771,4.5039064623020035,1,dark,0.23214,9.7,10.0,16128,18432
590dd08f71056cacv,15091.782600402832,8985.189910888672,6.365280532272365,4.157165981045402,0,cooperative,0.23034,8.2,8.4,8640,14976
590dd08f71056cacv,22706.793899536133,13298.2197265625,5.973315335435031,4.844132612836439,1,dark,0.23022,10.2,10.5,12672,22464
590dd08f71056cacv,22073.60140991211,13731.460266113281,5.934330980692784,4.786822922896449,0,cooperative,0.22847,9.7,9.5,13248,21888
590dd08f71056cacv,16371.514251708984,9424.633483886719,6.325265296539912,4.272757071681912,0,cooperative,0.22669,11.6,11.7,9216,16128
590dd08f71056cacv,24394.971954345703,17144.22235107422,5.625071032575902,4.995358737290188,0,cooperative,0.22549,10.1,10.2,16704,24192
590dd08f71056cacv,18281.563903808594,21178.61883544922,5.261842884219531,4.442702901498675,1,dark,0.22495,22.2,21.0,20736,17856
590dd08f71056cacv,23981.936950683594,18429.918334960938,5.508955759394934,4.957699501403297,0,cooperative,0.22488,8.6,8.4,17856,23616
590dd08f71056cacv,22652.099517822266,14321.582397460938,5.880802964290347,4.838886886730517,0,cooperative,0.22422,16.5,16.8,13824,22464
590dd08f71056cacv,6032.564147949219,9290.200134277344,6.338874822243965,3.3380786858066465,0,cooperative,0.223,8.8,9.2,9216,5760
590dd08f71056cacv,23231.647827148438,18207.25213623047,5.529306923768227,4.890064322783506,1,dark,0.22269,11.4,11.2,17856,23040
590dd08f71056cacv,22575.82373046875,16034.44580078125,5.725953097382257,4.831499640683151,0,cooperative,0.22051,24.0,24.4,15552,22464
590dd08f71056cacv,18394.315063476562,16446.045135498047,5.689812222544166,4.453908967671038,0,cooperative,0.21992,9.2,9.2,16128,17856
590dd08f71056cacv,7499.9599609375,7107.465667724609,6.536218570180986,3.4709341138536507,0,cooperative,0.21987,11.3,10.9,6912,6912
590dd08f71056cacv,25340.65313720703,18674.385467529297,5.486439047773127,5.080213229999277,0,cooperative,0.2169,14.0,13.8,18432,24768
590dd08f71056cacv,25238.17156982422,18869.405517578125,5.468840289717881,5.070906745810243,1,dark,0.21538,16.4,16.2,18432,24768
590dd08f71056cacv,24359.43162536621,18107.18733215332,5.538020802445579,4.991857460587195,0,cooperative,0.21139,10.1,10.1,17856,24192
590dd08f71056cacv,7942.431335449219,8781.741912841797,6.384727823552411,3.510802923323347,0,cooperative,0.20756,7.7,7.5,8640,7488
590dd08f71056cacv,12951.085540771484,10668.800170898438,6.213396401130157,3.963354568962743,0,cooperative,0.20346,9.1,9.6,10368,12672
590dd08f71056cacv,21857.67352294922,14793.848388671875,5.838332185320257,4.767020080693713,0,cooperative,0.20338,9.9,10.0,14400,21312
590dd08f71056cacv,17168.116149902344,20121.091796875,5.357710502126954,4.342456324032601,0,cooperative,0.19807,24.6,24.5,19584,16704
590dd08f71056cacv,23707.675521850586,15705.631286621094,5.75534634718917,4.9337676100093235,0,cooperative,0.18691,10.5,10.6,15552,23616
590dd08f71056cacv,24372.45947265625,18371.3826751709,5.514131045616681,4.992953095063826,0,cooperative,0.18433,8.8,8.6,17856,24192
590dd08f71056cacv,18966.9501953125,15935.592529296875,5.735841200227987,4.505726543537007,0,cooperative,0.1808,9.2,9.1,15552,18432
590dd08f71056cacv,23402.844970703125,14980.257934570312,5.8210225409168075,4.906470767209086,0,cooperative,0.17909,10.6,10.5,14400,23040
590dd08f71056cacv,7513.4229736328125,7004.234161376953,6.545555571369381,3.472160587256881,0,cooperative,0.17908,10.1,10.0,6912,6912
590dd08f71056cacv,24499.685485839844,18421.834716796875,5.509531152920694,5.004417037597712,1,dark,0.17839,13.7,13.2,17856,24192
590dd08f71056cacv,6460.93083190918,9076.71728515625,6.358159802405712,3.376823417920581,0,cooperative,0.17835,11.8,11.5,8640,6336
590dd08f71056cacv,24231.453247070312,19092.0736618042,5.4490155262048345,4.98001565418574,0,cooperative,0.17694,10.3,10.5,19008,23616
590dd08f71056cacv,17322.059204101562,20237.863731384277,5.347119058681902,4.356323947279694,0,cooperative,0.17661,8.5,8.3,20160,16704
590dd08f71056cacv,4644.883361816406,9247.949096679688,6.342763517597376,3.212612360429056,0,cooperative,0.17417,11.5,11.3,8640,4032
590dd08f71056cacv,24351.865447998047,19154.877532958984,5.443301591419463,4.990860325732828,0,cooperative,0.17192,9.7,9.5,19008,24192
590dd08f71056cacv,21195.99774169922,13202.686279296875,5.9823945300448695,4.70771769369775,0,cooperative,0.1701,10.2,10.2,12672,20736
590dd08f71056cacv,4757.588714599609,8679.405632019043,6.394190402042477,3.2228249719452404,0,cooperative,0.16778,12.4,12.0,8640,4608
590dd08f71056cacv,24708.413818359375,18811.945281982422,5.474198309905187,5.023130691230029,0,cooperative,0.16505,11.1,11.0,18432,24192
590dd08f71056cacv,6627.3734130859375,8850.48257446289,6.378613770578568,3.391888326777654,0,cooperative,0.16297,8.4,8.8,8640,6336
590dd08f71056cacv,17230.705932617188,20115.666870117188,5.358188720061023,4.348105134767046,0,cooperative,0.16142,8.2,7.9,19584,16704
590dd08f71056cacv,23495.401000976562,16066.20947265625,5.722809973408326,4.914497111903535,0,cooperative,0.16055,8.6,8.8,15552,23040
590dd08f71056cacv,6599.287384033203,9109.849792480469,6.355153372044367,3.3893310756189714,0,cooperative,0.15919,9.6,9.9,8640,6336
590dd08f71056cacv,13458.685516357422,8872.566711425781,6.375776731943554,4.009545858308672,0,cooperative,0.15846,7.1,7.7,8640,13248
590dd08f71056cacv,18780.997802734375,11041.037689208984,6.178512339818497,4.490130798417589,0,cooperative,0.15734,8.8,8.6,10944,18432
590dd08f71056cacv,12915.817657470703,10209.424743652344,6.254952537844282,3.9602425521613482,0,cooperative,0.15678,8.5,8.7,9792,12672
590dd08f71056cacv,22708.21159362793,18324.536010742188,5.518851002262873,4.842798454906308,0,cooperative,0.14926,11.0,10.8,17856,22464
590dd08f71056cacv,24773.240572452545,19117.463317871094,5.446557310818734,5.028886420709758,0,cooperative,0.14801,9.0,10.4,19008,24768
590dd08f71056cacv,13342.474822998047,8934.903015136719,6.370158993313675,3.9990284503773754,1,dark,0.14673,11.1,11.2,8640,13248
590dd08f71056cacv,19914.418579101562,14016.345306396484,5.909164671956701,4.591755704774502,0,cooperative,0.14418,9.7,9.6,13824,19584
590dd08f71056cacv,7579.157180786133,7796.656829833984,6.473868750365725,3.4780384511591174,0,cooperative,0.14354,10.3,10.2,7488,7488
590dd08f71056cacv,24545.422973632812,17416.196807861328,5.600435626966371,5.008851827607544,0,cooperative,0.14329,10.8,10.4,17280,24192
590dd08f71056cacv,23753.645477294922,14487.70532989502,5.865447057043451,4.938293885709433,1,dark,0.14144,15.3,15.6,14400,23616
590dd08f71056cacv,6597.259490966797,8950.86083984375,6.369535631647743,3.3891585390377688,0,cooperative,0.14135,10.2,9.6,8640,6336
590dd08f71056cacv,10956.489796638489,11983.121948242188,6.094808111265081,3.7829002317438576,0,cooperative,0.13861,9.9,9.0,11520,10944
590dd08f71056cacv,4624.1932373046875,12796.813491821289,6.021726970557428,3.2106146047593627,0,cooperative,0.13548,11.1,12.0,12672,4032
590dd08f71056cacv,21341.604736328125,15641.353546142578,5.761842890259884,4.720191550744115,0,cooperative,0.13292,9.1,9.1,15552,20736
590dd08f71056cacv,23239.65463256836,14178.669250488281,5.893547031122452,4.891981867842211,1,dark,0.12882,8.5,8.4,13824,23040
590dd08f71056cacv,23985.638122558594,15949.32437133789,5.733228212782688,4.958783238694519,0,cooperative,0.12806,9.9,9.8,15552,23616
590dd08f71056cacv,24153.196228027344,14879.769958496094,5.82987453576,4.974242719827085,1,dark,0.12802,11.0,10.8,14400,23616
590dd08f71056cacv,17125.74462890625,20173.702743530273,5.352960721966435,4.338622605158375,1,dark,0.12606,9.4,8.9,20160,16704
590dd08f71056cacv,23755.489837646484,21611.796630859375,5.221338895803091,4.936359762616406,0,cooperative,0.12436,9.1,9.1,21312,23616
590dd08f71056cacv,17237.5126953125,19613.349975585938,5.403616865216178,4.348819418643059,0,cooperative,0.12432,9.1,8.8,19008,16704
590dd08f71056cacv,22909.376525878906,18221.694885253906,5.52809299794055,4.860979739823399,1,dark,0.12403,17.5,16.9,17856,22464
590dd08f71056cacv,6620.073425292969,8915.297454833984,6.372751130099197,3.391223807716633,0,cooperative,0.12361,9.9,9.7,8640,6336
590dd08f71056cacv,24455.33221435547,16105.753540039062,5.718939024326639,5.001129526837121,0,cooperative,0.12326,10.8,10.8,15552,24192
590dd08f71056cacv,6985.276657104492,9327.861068725586,6.335404731088485,3.424214988446361,0,cooperative,0.1232,11.4,10.5,9216,6912
590dd08f71056cacv,23686.321578979492,18615.664352416992,5.492248998800318,4.930972145838144,0,cooperative,0.12183,10.1,10.0,18432,23616
590dd08f71056cacv,6782.9864501953125,9425.913269042969,6.32654957680341,3.4059182767371574,0,cooperative,0.12171,7.5,7.5,9216,6336
590dd08f71056cacv,6670.359313964844,9010.026092529297,6.3641785300420235,3.3957641131043106,0,cooperative,0.12095,11.0,11.0,8640,6336
590dd08f71056cacv,24726.148010253906,19821.592742919922,5.38291253501038,5.024426054409971,0,cooperative,0.11961,9.4,9.1,19584,24192
590dd08f71056cacv,13150.706726074219,8931.017150878906,6.370543732128139,3.9816916602180026,1,dark,0.11911,16.2,16.4,8640,12672
590dd08f71056cacv,10340.641845703125,9020.728759765625,6.3628496392749785,3.727616767806298,0,cooperative,0.11785,8.1,8.1,8640,9792
590dd08f71056cacv,24102.95751953125,17320.0546875,5.60926347679067,4.968952489345788,0,cooperative,0.11696,10.5,10.1,16704,23616
590dd08f71056cacv,23085.806396484375,17697.845092773438,5.575407138160995,4.87704998089222,0,cooperative,0.11527,8.8,9.0,17280,22464
590dd08f71056cacv,1874.1516418457031,10995.143993377686,6.184750461580718,2.962102246690685,0,cooperative,0.11369,8.4,8.3,10944,1728
590dd08f71056cacv,11043.837524414062,11677.51693725586,6.122439839650757,3.790834091803094,0,cooperative,0.11356,7.9,7.9,11520,10944
590dd08f71056cacv,6129.663024902344,10237.152587890625,6.253207192693815,3.3468010441678,0,cooperative,0.11219,10.3,10.6,9792,5760
590dd08f71056cacv,21945.654663085938,16943.20477294922,5.643961569741215,4.774362466343538,1,dark,0.11181,9.8,10.4,16704,21312
590dd08f71056cacv,24737.233032226562,16367.986099243164,5.695142011701953,5.0264900089651645,0,cooperative,0.1093,10.6,10.0,16128,24192
590dd08f71056cacv,7646.748138427734,8849.051208496094,6.378664938550165,3.4840611852895766,0,cooperative,0.10887,8.2,8.5,8640,7488
590dd08f71056cacv,22481.760803222656,15932.526184082031,5.7351955350187085,4.823037924821943,0,cooperative,0.10716,10.2,10.2,15552,21888
590dd08f71056cacv,11159.653747558594,11918.307434082031,6.100643866815523,3.801268092790711,0,cooperative,0.10643,9.2,9.4,11520,10944
590dd08f71056cacv,18567.041717529297,11106.82209777832,6.172617103065286,4.470781595272718,0,cooperative,0.10546,7.6,7.4,10944,18432
590dd08f71056cacv,25507.484573364258,17795.888916015625,5.565805924815329,5.09554369505496,0,cooperative,0.10476,10.7,10.4,17280,25344
590dd08f71056cacv,23670.776123046875,16911.49835205078,5.646332175852474,4.930072395091641,0,cooperative,0.10392,8.3,8.2,16704,23040
590dd08f71056cacv,23022.255249023438,18236.62823486328,5.526710748816273,4.871161267928324,0,cooperative,0.10221,8.4,8.3,17856,22464
590dd08f71056cacv,7217.6007080078125,8684.290412902832,6.393604037366691,3.4452703163609293,0,cooperative,0.10076,8.9,9.1,8640,6912
590dd08f71056cacv,24342.202529907227,19102.0439453125,5.448081158041658,4.990004283621145,0,cooperative,0.10064,9.7,9.7,19008,24192
590dd08f71056cacv,4739.710662841797,10520.063934326172,6.2276824247505544,3.221137723279898,0,cooperative,0.09875,9.8,9.5,10368,4608
590dd08f71056cacv,24168.268188476562,17282.47479248047,5.61264121742435,4.9748577633804825,0,cooperative,0.09871,21.0,20.3,16704,23616
590dd08f71056cacv,24506.274475097656,16346.169189453125,5.697187385129731,5.005651915044168,0,cooperative,0.09801,8.3,8.3,16128,24192
590dd08f71056cacv,6625.304748535156,9308.508178710938,6.337180976785865,3.3916699232589225,0,cooperative,0.09686,7.0,7.2,9216,6336
590dd08f71056cacv,22520.609130859375,13675.865051269531,5.939225907405717,4.827205713423719,0,cooperative,0.09524,10.2,11.6,13248,21888
590dd08f71056cacv,24087.886016845703,18363.34799194336,5.51494294591439,4.96727893264294,0,cooperative,0.09503,9.1,8.8,17856,23616
590dd08f71056cacv,25506.927856445312,18900.338348388672,5.465959615321685,5.095143030109795,0,cooperative,0.09346,8.9,9.2,18432,25344
590dd08f71056cacv,22809.594299316406,14361.592468261719,5.877138389904427,4.853095521752244,0,cooperative,0.09299,10.1,10.1,13824,22464
590dd08f71056cacv,23112.703216552734,13958.779098510742,5.913467100426647,4.880586153187712,0,cooperative,0.09152,7.8,7.7,13824,23040
590dd08f71056cacv,18458.547607421875,12553.968566894531,6.041773927313161,4.460623533331016,0,cooperative,0.09087,21.0,21.2,12096,17856
590dd08f71056cacv,25773.633544921875,18262.68426513672,5.523520646973267,5.119407403850782,0,cooperative,0.0906,10.3,9.7,17856,25344
590dd08f71056cacv,23403.902770996094,18139.692810058594,5.53536552939545,4.905627287955551,0,cooperative,0.0905,8.1,8.2,17856,23040
590dd08f71056cacv,22187.931701660156,14978.771046638489,5.8215171640393475,4.796785543114976,0,cooperative,0.08924,10.8,5.5,14976,21888
590dd08f71056cacv,17501.98565673828,20344.33609008789,5.337453671948792,4.372537614910042,0,cooperative,0.08834,19.5,20.0,20160,17280
590dd08f71056cacv,23007.708740234375,14676.41275024414,5.84861424886093,4.870888655887077,0,cooperative,0.0859,11.8,12.2,14400,22464
590dd08f71056cacv,13980.146179199219,7891.885192871094,6.4643812872118005,4.056873083036734,0,cooperative,0.08247,12.3,12.0,7488,13824
590dd08f71056cacv,9916.742317199707,12031.004028320312,6.090605142305311,3.688935412674053,0,cooperative,0.08205,7.9,7.6,11520,9792
590dd08f71056cacv,24298.88446044922,16816.59716796875,5.65472110389546,4.986788164151395,0,cooperative,0.0819,23.5,23.4,16704,24192
590dd08f71056cacv,25081.75732421875,18307.47216796875,5.519691078303145,5.056969904220138,0,cooperative,0.08138,10.3,10.3,17856,24768
590dd08f71056cacv,23476.778564453125,15292.219940185547,5.792794488444692,4.913050288378112,0,cooperative,0.07993,10.6,10.3,14976,23040
590dd08f71056cacv,22494.033729553223,13102.872192382812,5.991042210442353,4.8249772100084956,0,cooperative,0.07786,9.2,9.0,12672,22464
590dd08f71056cacv,6677.446105957031,8889.480560302734,6.375082560632154,3.3964132589677902,0,cooperative,0.07651,10.1,9.8,8640,6336
590dd08f71056cacv,24656.333923339844,21442.482620239258,5.2363905846370775,5.017651706844673,0,cooperative,0.07646,10.2,10.6,21312,24192
590dd08f71056cacv,6218.419342041016,8642.510505199432,6.397453739099319,3.3549230058693733,0,cooperative,0.07586,10.9,5.0,8640,5760
590dd08f71056cacv,22987.123291015625,18150.743591308594,5.5344861070948275,4.868015460936646,0,cooperative,0.07575,8.9,8.9,17856,22464
590dd08f71056cacv,23081.258911132812,15353.541137695312,5.787369565342858,4.877326074031027,0,cooperative,0.07527,11.4,11.6,14976,22464
590dd08f71056cacv,24469.319458007812,21527.140396118164,5.228790805333694,5.000761344650175,0,cooperative,0.07371,18.8,19.2,21312,24192
590dd08f71056cacv,6586.170654296875,8890.330291748047,6.375011971232727,3.38816000346984,0,cooperative,0.07295,11.9,11.5,8640,6336
590dd08f71056cacv,4486.675048828125,9803.002197265625,6.292558200903756,3.1982885771535416,0,cooperative,0.07235,10.1,10.5,9216,4032
590dd08f71056cacv,22340.456573486328,13637.434204101562,5.94275427516627,4.810948681861057,0,cooperative,0.07209,11.0,10.9,13248,21888
590dd08f71056cacv,22556.357452392578,14216.59326171875,5.890324190137679,4.830273097427535,0,cooperative,0.07182,10.6,10.4,13824,22464
590dd08f71056cacv,25923.050181388855,17940.906616210938,5.552561586880756,5.1329923205372925,0,cooperative,0.07116,6.1,11.1,17856,25920
590dd08f71056cacv,18940.890411376953,10702.250549316406,6.209108576962986,4.504665123051377,1,dark,0.07073,10.6,9.8,10368,18432
590dd08f71056cacv,23121.87223815918,15459.032348632812,5.777819444898472,4.880960967724196,0,cooperative,0.07056,9.2,9.0,14976,23040
590dd08f71056cacv,25093.644805908203,19512.060424804688,5.410785157701758,5.057670541172144,0,cooperative,0.07009,20.7,21.2,19008,24768
590dd08f71056cacv,19427.667572021484,10273.205200195312,6.2477799089112995,4.548764964775593,0,cooperative,0.06882,24.6,24.1,9792,19008
590dd08f71056cacv,25353.478430747986,18421.235107421875,5.509321006619248,5.081449834746454,0,cooperative,0.06812,14.9,14.6,17856,25344
590dd08f71056cacv,25567.217407226562,17254.270263671875,5.614750848386537,5.1011080087857374,0,cooperative,0.06798,18.4,18.8,16704,25344
590dd08f71056cacv,14059.604568481445,7921.044738769531,6.461728947745299,4.064052442458223,0,cooperative,0.06768,11.6,11.4,7488,13824
590dd08f71056cacv,22059.35433959961,16854.230743408203,5.65197520410785,4.784649453235083,0,cooperative,0.06752,8.9,8.9,16704,21888
590dd08f71056cacv,23233.992095947266,16769.374055862427,5.659311907976521,4.890693392086449,0,cooperative,0.06702,9.6,9.7,16704,23040
590dd08f71056cacv,22510.08966064453,14774.852447509766,5.839861544168338,4.825931134427128,1,dark,0.06639,11.2,10.8,14400,21888
590dd08f71056cacv,22135.218627929688,14068.465576171875,5.903841325466667,4.79228900400654,0,cooperative,0.06583,9.1,9.2,13824,21888
590dd08f71056cacv,6732.913818359375,8923.606140136719,6.371991691563166,3.4014262888687155,0,cooperative,0.06569,8.4,8.4,8640,6336
590dd08f71056cacv,25172.396759033203,19691.357345581055,5.394551484879951,5.064719712166507,0,cooperative,0.0651,8.9,8.7,19584,24768
590dd08f71056cacv,22467.479125976562,14817.607482910156,5.8360082163226705,4.822071461842126,0,cooperative,0.06453,10.3,10.5,14400,21888
590dd08f71056cacv,6915.458570480347,7825.646636962891,6.471299290012751,3.4180130037234115,0,cooperative,0.06376,6.9,13.2,7488,6912
590dd08f71056cacv,6600.648590087891,8787.061630249023,6.38435264854421,3.389476163209143,0,cooperative,0.06366,9.2,9.6,8640,6336
590dd08f71056cacv,25572.7830657959,17753.027587890625,5.56965975279036,5.101449305045373,0,cooperative,0.06356,9.8,9.4,17280,25344
590dd08f71056cacv,22191.885192871094,14165.397277832031,5.89506036846021,4.797377699159949,0,cooperative,0.06332,10.5,10.9,13824,21888
590dd08f71056cacv,19781.093963623047,10857.662139892578,6.194833731353059,4.580545085915622,0,cooperative,0.06325,20.0,20.4,10368,19584
590dd08f71056cacv,24409.032669067383,17601.754608154297,5.583701569135605,4.996487071221213,0,cooperative,0.06304,20.7,20.0,17280,24192
590dd08f71056cacv,24470.2001953125,21920.27490234375,5.193247212088008,5.0007282817626075,0,cooperative,0.06172,18.4,18.7,21312,24192
590dd08f71056cacv,24843.44825744629,17520.933502197266,5.590873846500527,5.035712575291439,0,cooperative,0.06133,10.6,10.7,17280,24768
590dd08f71056cacv,24256.936582565308,18256.996643066406,5.524507544800924,4.982564082238961,0,cooperative,0.06103,8.5,8.3,17856,24192
590dd08f71056cacv,24284.602073669434,15849.932037353516,5.742121228019233,4.985799536653507,0,cooperative,0.06084,10.4,10.7,15552,24192
590dd08f71056cacv,22459.109741210938,13053.661437988281,5.995502201590375,4.821837926835726,0,cooperative,0.06082,9.8,9.9,12672,21888
590dd08f71056cacv,6518.355255126953,9469.656463623047,6.322610701603921,3.3819894580250685,0,cooperative,0.06063,7.0,6.7,9216,6336
590dd08f71056cacv,22398.588348388672,14220.400512695312,5.890026545762568,4.816026175861506,0,cooperative,0.06015,11.5,11.7,13824,21888
590dd08f71056cacv,24145.0234375,14701.546203613281,5.845990282994654,4.973561293832966,0,cooperative,0.0594,9.9,10.4,14400,23616
590dd08f71056cacv,5509.756896972656,9229.237342834473,6.344418226997276,3.2908120432942902,0,cooperative,0.05936,9.9,9.9,9216,5184
590dd08f71056cacv,25292.73455810547,16860.712005615234,5.650418869637084,5.076465761639579,0,cooperative,0.05866,10.6,10.3,16704,24768
590dd08f71056cacv,11374.4912109375,11930.773742675781,6.09948701151196,3.820680548598957,0,cooperative,0.05861,9.7,9.9,11520,10944
590dd08f71056cacv,6642.1859130859375,8757.798263549805,6.3869969515854566,3.3932340881701872,0,cooperative,0.05843,9.5,9.3,8640,6336
590dd08f71056cacv,6915.080636024475,7885.708251953125,6.465866193453547,3.41797436008344,0,cooperative,0.05838,6.2,10.7,7488,6912
590dd08f71056cacv,6572.212371826172,8833.91845703125,6.3801159257094096,3.386901710235284,0,cooperative,0.05833,9.9,9.9,8640,6336
590dd08f71056cacv,25582.363067626953,18074.214904785156,5.540620263736536,5.102210726487672,1,dark,0.05808,24.3,24.3,17856,25344
590dd08f71056cacv,25289.91912841797,16710.244526863098,5.66402271945784,5.076260214394874,0,cooperative,0.0578,10.1,9.6,16704,24768
590dd08f71056cacv,24869.950073242188,15850.006713867188,5.7419284522368566,5.03863394408563,0,cooperative,0.05773,23.2,23.1,15552,24768
590dd08f71056cacv,6589.437072753906,9048.624572753906,6.360692468978928,3.3884445929416778,0,cooperative,0.05719,10.6,10.2,8640,6336
590dd08f71056cacv,10025.36019897461,9671.243286132812,6.30404650337233,3.699031817415281,0,cooperative,0.05697,9.8,9.4,9216,9792
590dd08f71056cacv,24817.417266845703,18160.661682128906,5.53304591375146,5.03316499312375,0,cooperative,0.05695,20.0,19.5,17856,24768
590dd08f71056cacv,7559.153396606445,7852.149169921875,6.4688506982568,3.4762246635389977,1,dark,0.05683,11.8,11.9,7488,7488
590dd08f71056cacv,25618.781677246094,17387.0546875,5.602729991285136,5.105717933907059,0,cooperative,0.05662,22.4,22.0,17280,25344
590dd08f71056cacv,22829.953887939453,13608.291625976562,5.945242570407173,4.855160708226086,0,cooperative,0.05618,20.2,20.9,13248,22464
590dd08f71056cacv,12989.49462890625,8395.47036743164,6.419010864847407,3.9672076859834773,0,cooperative,0.0558,10.6,10.5,8064,12672
590dd08f71056cacv,22401.78875732422,15814.179473876953,5.745919199644002,4.815852667662168,0,cooperative,0.05558,24.8,24.2,15552,21888
590dd08f71056cacv,7038.644927978516,8744.384902954102,6.3881816853907205,3.4290839758602294,0,cooperative,0.05541,10.4,9.8,8640,6912
590dd08f71056cacv,23696.06517791748,14442.26904296875,5.869573014907625,4.933109380163465,0,cooperative,0.05539,28.4,28.8,13824,23616
590dd08f71056cacv,22035.26092529297,14863.596923828125,5.831974927474639,4.783034391021477,0,cooperative,0.0551,23.0,22.5,14400,21888
590dd08f71056cacv,23317.546142578125,19087.801147460938,5.449667445266809,4.897563537998322,0,cooperative,0.05499,21.0,21.0,19008,23040
590dd08f71056cacv,23335.633239746094,15466.592102050781,5.777071712811802,4.900255704707855,0,cooperative,0.05484,9.8,9.8,14976,23040
590dd08f71056cacv,23300.1888961792,15664.929954528809,5.75914987714509,4.896996428037251,0,cooperative,0.05483,23.4,23.1,15552,23040
590dd08f71056cacv,23267.06997680664,13797.193725585938,5.928029242242014,4.894574591537401,1,dark,0.05413,12.1,11.8,13248,23040
590dd08f71056cacv,25646.44400024414,17257.6279296875,5.61442155292349,5.108256048220067,0,cooperative,0.05411,19.7,19.9,16704,25344
590dd08f71056cacv,22327.262420654297,14852.990447998047,5.8328498146695855,4.809401470350371,0,cooperative,0.05338,10.4,10.6,14400,21888
590dd08f71056cacv,6873.880798339844,9015.276000976562,6.363689201179182,3.4141658871779375,0,cooperative,0.05312,6.8,7.4,8640,6336
590dd08f71056cacv,25357.572666168213,17626.65234375,5.581153605931369,5.082071071407325,0,cooperative,0.05311,10.3,10.4,17280,25344
590dd08f71056cacv,22975.132354736328,13636.010711669922,5.942692156248452,4.868262188220241,0,cooperative,0.05293,10.3,10.4,13248,22464
590dd08f71056cacv,19927.40252685547,10811.18896484375,6.198996617726418,4.59377768427102,0,cooperative,0.05215,20.9,20.5,10368,19584
590dd08f71056cacv,20110.065673828125,11130.817810058594,6.170043772662994,4.6101951053237435,0,cooperative,0.05176,19.9,19.5,10944,19584
590dd08f71056cacv,10422.440124511719,6594.046691894531,6.582342504790276,3.7353298638589814,0,cooperative,0.05168,19.0,22.4,6336,9792
590dd08f71056cacv,25378.37516117096,17888.415771484375,5.557482399490389,5.083864726447303,0,cooperative,0.05145,24.8,24.5,17280,25344
590dd08f71056cacv,25001.745208740234,16528.71502685547,5.6805267027711315,5.050311491957762,0,cooperative,0.05077,22.2,21.5,16128,24768
590dd08f71056cacv,23690.235664367676,18584.058227539062,5.495105463867159,4.93133451058509,0,cooperative,0.05072,19.8,19.9,18432,23616
590dd08f71056cacv,23173.224838256836,15220.051483154297,5.799411431400264,4.885668419184295,0,cooperative,0.05039,26.0,25.6,14976,23040
590dd08f71056cacv,22579.18814086914,14368.2236328125,5.87660744877078,4.832289693866346,0,cooperative,0.04996,18.7,19.0,13824,22464
590dd08f71056cacv,23174.928344726562,15772.31201171875,5.749478490412982,4.8856570585801355,0,cooperative,0.0491,10.3,10.6,15552,23040
590dd08f71056cacv,24520.649291992188,17764.05694580078,5.568993708270608,5.006509227850961,0,cooperative,0.04804,26.7,28.0,17280,24192
590dd08f71056cacv,23924.25213623047,14570.173065185547,5.857937530877431,4.953671141733685,0,cooperative,0.04788,25.7,25.4,14400,23616
590dd08f71056cacv,7449.772216796875,7916.869537353516,6.463005353773245,3.4663272604567563,1,dark,0.04769,20.6,18.6,7488,6912
590dd08f71056cacv,25345.377990722656,16787.398406982422,5.657029721495856,5.081240175918147,0,cooperative,0.04732,10.8,11.2,16704,24768
590dd08f71056cacv,7572.643493652344,7906.886413574219,6.463898107666433,3.477440012468774,0,cooperative,0.04594,25.8,25.9,7488,7488
590dd08f71056cacv,24709.08331298828,19106.17130279541,5.447597677391058,5.02310185570188,0,cooperative,0.0458,18.2,17.5,19008,24192
590dd08f71056cacv,25104.22833251953,18857.778076171875,5.469933090819851,5.058826428784757,0,cooperative,0.04557,11.0,11.0,18432,24768
590dd08f71056cacv,8112.590576171875,8380.216430664062,6.421033524826477,3.5262260581085196,0,cooperative,0.04516,22.7,22.6,8064,7488
590dd08f71056cacv,22751.26708984375,14491.336685180664,5.865424847166195,4.847790395374654,0,cooperative,0.04505,10.7,10.9,14400,22464
590dd08f71056cacv,7930.9384765625,7880.477966308594,6.466255526600354,3.509844883731858,0,cooperative,0.04472,23.7,23.2,7488,7488
590dd08f71056cacv,22479.712829589844,13805.240661621094,5.927540305806028,4.823474202314568,0,cooperative,0.04446,24.4,25.2,13248,21888
590dd08f71056cacv,22265.000732421875,14196.202941894531,5.892253622353377,4.803970828103642,0,cooperative,0.04438,25.0,26.0,13824,21888
590dd08f71056cacv,25283.11865234375,18186.875854492188,5.5305304190156175,5.075175535524125,0,cooperative,0.04408,21.0,21.1,17856,24768
590dd08f71056cacv,20247.06544494629,12972.034301757812,6.003511579773683,4.622073706428705,0,cooperative,0.044,21.8,21.5,12672,20160
590dd08f71056cacv,22849.382598876953,13491.835311889648,5.955766136283494,4.856950515747072,0,cooperative,0.04382,24.2,24.4,13248,22464
590dd08f71056cacv,14456.44905090332,7124.186706542969,6.533724261643541,4.10009247074029,0,cooperative,0.04379,23.2,23.6,6912,14400
590dd08f71056cacv,24995.359115600586,16444.30047607422,5.688160326663782,5.049762155313336,0,cooperative,0.04345,23.0,22.5,16128,24768
590dd08f71056cacv,23436.477111816406,15565.431344032288,5.768104799310254,4.90932925946213,0,cooperative,0.0433,23.0,21.4,15552,23040
590dd08f71056cacv,23906.148986816406,14535.624729156494,5.8610667702867305,4.9520475834534805,0,cooperative,0.04324,29.6,29.3,14400,23616
590dd08f71056cacv,25141.03057861328,19692.066596984863,5.394496968870859,5.0618900874332295,0,cooperative,0.04276,17.1,17.0,19584,24768
590dd08f71056cacv,23230.040740966797,13769.568984985352,5.93053832882081,4.891239442410652,0,cooperative,0.04184,25.7,25.5,13248,23040
590dd08f71056cacv,25384.690238952637,17778.20294189453,5.5674441060744,5.084469613108452,0,cooperative,0.04179,10.0,10.2,17280,25344
590dd08f71056cacv,14349.359924316406,7947.187347412109,6.459309022099516,4.090247669851531,0,cooperative,0.04155,27.4,27.0,7488,13824
590dd08f71056cacv,25400.19655609131,17673.189880371094,5.576932779500159,5.085902264684878,0,cooperative,0.04124,20.5,19.1,17280,25344
590dd08f71056cacv,5622.989929199219,8668.277833938599,6.3951571691545785,3.3010797296683125,0,cooperative,0.04075,11.1,11.1,8640,5184
590dd08f71056cacv,6544.475189208984,8900.50788116455,6.374094131121953,3.38438917925079,0,cooperative,0.03983,8.5,10.2,8640,6336
590dd08f71056cacv,24334.260772705078,18410.795959472656,5.5105792339093425,4.989494651423781,0,cooperative,0.03981,20.7,20.5,17856,24192
590dd08f71056cacv,23570.485717773438,13698.850708007812,5.936826253855051,4.922002910884023,0,cooperative,0.03965,25.0,25.6,13248,23040
590dd08f71056cacv,7375.6688232421875,8078.4951820373535,6.448391001529212,3.459612503088801,0,cooperative,0.03951,12.7,12.4,8064,6912
590dd08f71056cacv,21341.631591796875,14525.409553527832,5.862749635548634,4.72050043829592,0,cooperative,0.03939,20.7,20.2,14400,20736
590dd08f71056cacv,23560.771850585938,15712.145568847656,5.7548021888783545,4.920504885400406,0,cooperative,0.03902,19.0,18.2,15552,23040
590dd08f71056cacv,25438.964767456055,18122.179168701172,5.536329899762148,5.089257276836659,0,cooperative,0.03883,21.4,21.3,17856,25344
590dd08f71056cacv,12001.650939941406,11766.294952392578,6.114275151429571,3.8773784956788804,0,cooperative,0.03873,9.4,9.1,11520,11520
590dd08f71056cacv,22116.082244873047,14123.587707519531,5.898862800084593,4.790545008657054,0,cooperative,0.03866,22.1,22.2,13824,21888
590dd08f71056cacv,23213.9169921875,15711.041030883789,5.755006638953429,4.8891948287438325,0,cooperative,0.03856,17.5,18.3,15552,23040
590dd08f71056cacv,22898.65545654297,13643.2236328125,5.942063306371978,4.8613540080990125,0,cooperative,0.03842,23.2,23.0,13248,22464
590dd08f71056cacv,23257.46501159668,15495.089859008789,5.774518669239307,4.893190638357122,0,cooperative,0.03804,20.6,21.3,14976,23040
590dd08f71056cacv,23391.072631835938,15554.694902658463,5.769089259130458,4.90523377468329,0,cooperative,0.03733,12.1,5.4,15552,23040
590dd08f71056cacv,23568.088134765625,13729.742889404297,5.9340339759918574,4.921776735839951,0,cooperative,0.0373,21.7,21.3,13248,23040
590dd08f71056cacv,25353.0340385437,17845.391723632812,5.56138003639708,5.08159189138906,0,cooperative,0.03728,18.1,18.1,17280,25344
590dd08f71056cacv,23245.35955810547,15454.246704101562,5.778215112918621,4.8921100998294325,0,cooperative,0.03721,18.9,19.4,14976,23040
590dd08f71056cacv,23518.973358154297,15683.396865844727,5.757414140823105,4.916740500902378,0,cooperative,0.03697,20.6,20.3,15552,23040
590dd08f71056cacv,25074.902893066406,17688.699279785156,5.575633999301304,5.056545272715264,0,cooperative,0.03654,21.8,21.7,17280,24768
590dd08f71056cacv,7446.1920166015625,7984.469177246094,6.456890679854408,3.465997889357383,0,cooperative,0.03643,20.2,20.9,7488,6912
590dd08f71056cacv,6817.080718994141,16104.8134765625,5.722368475170399,3.4085489011552115,0,cooperative,0.03598,8.0,8.2,15552,6336
590dd08f71056cacv,24411.10772705078,15943.279998779297,5.7336419659131845,4.997188907258763,0,cooperative,0.03594,20.1,20.0,15552,24192
590dd08f71056cacv,7157.922302246094,7845.397399902344,6.469494149264105,3.4399392340963066,0,cooperative,0.03573,20.9,20.2,7488,6912
590dd08f71056cacv,24888.583557128906,16345.033416748047,5.697168874599813,5.040157178696092,0,cooperative,0.03567,19.2,18.6,16128,24768
590dd08f71056cacv,22579.79125213623,13303.5791015625,5.972869114578956,4.832661647328572,0,cooperative,0.0354,27.1,16.6,12672,22464
590dd08f71056cacv,10384.421875,6604.625823974609,6.5813906300205405,3.7318896223811233,0,cooperative,0.03525,27.9,29.2,6336,9792
590dd08f71056cacv,14764.775421142578,7227.521911621094,6.524316533946734,4.127954687096825,0,cooperative,0.03523,28.0,27.6,6912,14400
590dd08f71056cacv,22258.408752441406,14240.26644897461,5.8882713943971785,4.80336273910519,0,cooperative,0.03513,20.0,19.8,13824,21888
590dd08f71056cacv,23028.249877929688,13645.78091430664,5.941792545761606,4.873055784005899,0,cooperative,0.03502,23.5,23.2,13248,22464
590dd08f71056cacv,14086.817512512207,8074.0558977127075,6.447884567929208,4.066484148869809,0,cooperative,0.03498,25.3,20.1,8064,13824
590dd08f71056cacv,6667.885009765625,8837.603118896484,6.3797760451601455,3.395552334734477,0,cooperative,0.03488,9.7,9.4,8640,6336
590dd08f71056cacv,11664.900085449219,11763.175765991211,6.1146061143294155,3.846947475886045,0,cooperative,0.03463,8.8,8.9,11520,11520
590dd08f71056cacv,23159.769012451172,15290.57064819336,5.7930395136844846,4.884432506977222,0,cooperative,0.03461,20.3,19.4,14976,23040
590dd08f71056cacv,22161.989013671875,14877.820709228516,5.830652463545064,4.794472278317299,0,cooperative,0.03431,10.3,10.0,14400,21888
590dd08f71056cacv,24989.53791809082,17726.470642089844,5.572246103708096,5.048830649071214,0,cooperative,0.03424,19.8,20.3,17280,24768
590dd08f71056cacv,23181.157485961914,15349.39340209961,5.787714655887295,4.886345738097349,0,cooperative,0.03419,20.0,20.0,14976,23040
590dd08f71056cacv,25729.02764892578,17375.55640411377,5.603733602086358,5.115669644878969,0,cooperative,0.03385,20.0,19.3,17280,25344
590dd08f71056cacv,24903.23291015625,17666.035278320312,5.5777369232767615,5.041061933252218,0,cooperative,0.03384,20.3,19.5,17280,24768
590dd08f71056cacv,22683.192138671875,14253.928649902344,5.886910727888191,4.8417144641852286,0,cooperative,0.03378,24.8,24.6,13824,22464
590dd08f71056cacv,23134.23651123047,15627.776336669922,5.762558788632287,4.882026818034389,0,cooperative,0.03341,22.2,22.4,15552,23040
590dd08f71056cacv,25355.241068840027,17752.09649658203,5.569813640796438,5.081820708703682,0,cooperative,0.03334,22.5,22.3,17280,25344
590dd08f71056cacv,7631.561920166016,8378.433959960938,6.421237611838714,3.482728007362327,0,cooperative,0.0333,29.2,29.0,8064,7488
590dd08f71056cacv,23035.458923339844,15660.484573364258,5.7596308590413905,4.873100268005126,1,dark,0.03316,12.3,12.4,15552,22464
590dd08f71056cacv,24430.1689453125,16023.682189941406,5.726366904461704,4.998884104357858,0,cooperative,0.03314,24.4,23.6,15552,24192
590dd08f71056cacv,14408.593321800232,7248.990539550781,6.522445849843612,4.095740126624563,0,cooperative,0.0331,15.7,18.8,6912,14400
590dd08f71056cacv,23557.715087890625,15671.939331054688,5.758438279035054,4.920241160895102,0,cooperative,0.03303,24.4,23.5,15552,23040
590dd08f71056cacv,13399.07876586914,8337.340362548828,6.424197333726557,4.004251423939123,0,cooperative,0.03265,18.0,16.9,8064,13248
590dd08f71056cacv,23471.932403564453,15556.158081054688,5.76893247579547,4.912532660412865,0,cooperative,0.03262,22.1,21.8,14976,23040
590dd08f71056cacv,18349.993530273438,15032.182792663574,5.817684715101191,4.450231580109506,0,cooperative,0.03256,20.2,20.6,14976,17856
590dd08f71056cacv,14416.850463867188,8511.360656738281,6.4082692269875166,4.096240861860265,0,cooperative,0.03237,18.4,19.4,8064,13824
590dd08f71056cacv,15562.801147460938,7929.295349121094,6.460680422416092,4.199970293742506,0,cooperative,0.03185,22.4,22.3,7488,14976
590dd08f71056cacv,25380.419799804688,18103.098663330078,5.538073466863206,5.083981068063879,0,cooperative,0.03169,23.8,22.9,17856,24768
590dd08f71056cacv,22602.100952148438,14317.731689453125,5.881165986332061,4.834373505093216,0,cooperative,0.03168,19.7,19.2,13824,22464
590dd08f71056cacv,10522.405334472656,11983.951599121094,6.094788606467607,3.7436732816041927,0,cooperative,0.03138,23.5,23.5,11520,10368
590dd08f71056cacv,23566.026489257812,15630.76097869873,5.762158801165907,4.921003937286131,0,cooperative,0.0311,18.6,19.2,15552,23040
590dd08f71056cacv,22552.59662628174,16693.85028076172,5.666337905386499,4.829214280078149,0,cooperative,0.0299,18.0,17.6,16128,22464
590dd08f71056cacv,25453.532234191895,17887.59588623047,5.557532538655004,5.090646316817038,0,cooperative,0.02964,19.6,20.2,17280,25344
590dd08f71056cacv,24498.18960571289,16124.366821289062,5.717242724056099,5.004991909041156,0,cooperative,0.02952,21.5,20.3,15552,24192
590dd08f71056cacv,19625.02508544922,10445.540237426758,6.232143116406037,4.566553320245706,0,cooperative,0.02907,17.6,17.6,10368,19008
590dd08f71056cacv,25725.049713134766,17440.942626953125,5.597823825737458,5.1152894304569205,0,cooperative,0.02904,10.4,10.1,17280,25344
590dd08f71056cacv,25193.72055053711,17787.62661743164,5.566652867861782,5.067235262604507,0,cooperative,0.029,19.8,19.4,17280,24768
590dd08f71056cacv,23861.509338378906,14509.509078979492,5.863441945508781,4.948025532084353,0,cooperative,0.02882,26.1,25.5,14400,23616
590dd08f71056cacv,23305.333221435547,15560.246462106705,5.7686131888382715,4.897492250318977,0,cooperative,0.02864,19.4,15.5,15552,23040
590dd08f71056cacv,7107.597991943359,7828.115447998047,6.471061375006563,3.435389396785478,0,cooperative,0.02846,24.6,24.2,7488,6912
590dd08f71056cacv,25020.078552246094,18337.234130859375,5.5170196452373235,5.051395692573471,0,cooperative,0.02794,27.9,27.1,17856,24768
590dd08f71056cacv,15603.35400390625,7963.927642822266,6.457539566471441,4.203629600135916,0,cooperative,0.02775,24.3,24.5,7488,14976
590dd08f71056cacv,13382.823196411133,8363.606689453125,6.421824483253613,4.002776984171312,0,cooperative,0.02762,21.2,21.4,8064,13248
590dd08f71056cacv,23444.494262695312,15458.537536621094,5.777766997409257,4.910085347181355,0,cooperative,0.02733,25.5,24.9,14976,23040
590dd08f71056cacv,10400.590026855469,6770.74462890625,6.566362414139568,3.733330049036481,0,cooperative,0.02708,25.7,27.0,6336,9792
590dd08f71056cacv,25044.33673095703,16685.418701171875,5.666346133344444,5.054105219033508,0,cooperative,0.02702,23.1,22.9,16128,24768
590dd08f71056cacv,6894.5687255859375,8869.074279785156,6.376913040634293,3.416047109928926,0,cooperative,0.02699,8.6,8.7,8640,6336
590dd08f71056cacv,25506.06968688965,18090.954040527344,5.539131387165605,5.095321781691551,0,cooperative,0.02685,23.5,24.1,17856,25344
590dd08f71056cacv,3665.572952270508,14027.702346801758,5.91040350241706,3.123966384983351,0,cooperative,0.02656,7.6,7.8,13824,3456
590dd08f71056cacv,22241.907775878906,14870.87680053711,5.8312572776660625,4.80168990138588,0,cooperative,0.02612,18.7,18.7,14400,21888
590dd08f71056cacv,24627.406188964844,21484.0849609375,5.23263775110081,5.015030806091498,0,cooperative,0.02612,20.3,20.2,21312,24192
590dd08f71056cacv,25039.255432128906,16570.016479492188,5.676780787248201,5.053683552998624,0,cooperative,0.02607,21.4,21.1,16128,24768
590dd08f71056cacv,6685.530120849609,8691.218162536621,6.393016758776996,3.3971580390546054,0,cooperative,0.02587,23.5,23.1,8640,6336
590dd08f71056cacv,4692.486129760742,9418.445098876953,6.327338423339813,3.216910002555413,0,cooperative,0.02548,21.3,22.1,9216,4608
590dd08f71056cacv,14659.814514160156,6999.948402404785,6.544920345716506,4.118508602523914,0,cooperative,0.02531,23.8,22.9,6912,14400
590dd08f71056cacv,25596.88397216797,17522.537063598633,5.590489064575713,5.103698206663126,0,cooperative,0.02483,21.0,21.1,17280,25344
590dd08f71056cacv,22635.791870117188,14356.111572265625,5.877685795755366,4.837404175903682,0,cooperative,0.02464,25.2,25.5,13824,22464
590dd08f71056cacv,23400.96875,15714.981872558594,5.7545941455397385,4.906078769920584,0,cooperative,0.02457,21.4,20.9,15552,23040
590dd08f71056cacv,20257.9835357666,10860.862487792969,6.194414184488453,4.623634139251905,0,cooperative,0.02456,22.3,21.5,10368,20160
590dd08f71056cacv,7424.693954467773,7893.682800292969,6.465104867667125,3.4640612092444174,0,cooperative,0.02453,19.1,18.7,7488,6912
590dd08f71056cacv,6837.153137207031,11797.849243164062,6.1119800817593815,3.410649089502189,0,cooperative,0.02445,10.3,9.9,11520,6336
590dd08f71056cacv,25320.786865234375,17889.135681152344,5.557435639397616,5.07866835801647,0,cooperative,0.02429,20.6,19.5,17280,24768
590dd08f71056cacv,15422.035675048828,8024.97998046875,6.4520563504178865,4.187222363244603,0,cooperative,0.02414,25.7,25.1,7488,14976
590dd08f71056cacv,13520.608520507812,8384.170043945312,6.419940030139698,4.015231437371571,0,cooperative,0.02414,20.3,19.5,8064,13248
590dd08f71056cacv,14436.259177207947,7384.902191162109,6.510147917229879,4.098215276062395,0,cooperative,0.024,25.9,24.6,6912,14400
590dd08f71056cacv,25265.628356933594,17880.62374687195,5.558222667642037,5.07369413307508,0,cooperative,0.02379,27.8,30.8,17856,24768
590dd08f71056cacv,15572.442138671875,8021.7261962890625,6.452318768056693,4.200822314032764,0,cooperative,0.02363,24.3,24.1,7488,14976
590dd08f71056cacv,23443.47296142578,15848.185546875,5.742537907263958,4.909875430121729,0,cooperative,0.02361,22.6,22.5,15552,23040
590dd08f71056cacv,6777.074005126953,9683.324523925781,6.303264606248798,3.405365608424772,0,cooperative,0.0236,7.9,8.1,9216,6336
590dd08f71056cacv,15544.3857421875,8008.845886230469,6.453489656697164,4.198288288415426,0,cooperative,0.02356,19.8,19.2,7488,14976
590dd08f71056cacv,24918.30795288086,16582.22137451172,5.675716068844066,5.042764236027001,0,cooperative,0.02301,24.1,23.8,16128,24768
590dd08f71056cacv,10328.780517578125,6675.755798339844,6.5749639910244895,3.726847384460808,0,cooperative,0.02296,32.0,31.5,6336,9792
590dd08f71056cacv,15221.584060668945,7827.5250244140625,6.469956602579595,4.169139081645176,0,cooperative,0.02279,29.3,28.6,7488,14976
590dd08f71056cacv,7278.593292236328,8372.929016113281,6.421764674619277,3.4508101948442667,0,cooperative,0.02275,19.2,19.1,8064,6912
590dd08f71056cacv,14427.556629180908,7416.1805419921875,6.507320664361145,4.0974221617360325,0,cooperative,0.02273,23.7,22.8,6912,14400
590dd08f71056cacv,25660.53060913086,17958.980850219727,5.551012675408246,5.109300409223079,0,cooperative,0.02269,11.9,11.3,17856,25344
590dd08f71056cacv,24201.15399169922,19670.62435913086,5.396717277847675,4.977111813877904,0,cooperative,0.02265,17.8,17.8,19584,23616
590dd08f71056cacv,24394.47201538086,14848.495849609375,5.8326251824719915,4.996034371121136,0,cooperative,0.02252,26.4,25.5,14400,24192
590dd08f71056cacv,25257.244262695312,17935.397094726562,5.553273539269887,5.0729203204901765,0,cooperative,0.02197,20.8,20.0,17856,24768
590dd08f71056cacv,6563.362350463867,8938.538146972656,6.370652642519672,3.3860943973707496,0,cooperative,0.02193,15.1,16.1,8640,6336
590dd08f71056cacv,14553.396606445312,7233.4759521484375,6.523820432397326,4.108838088452529,0,cooperative,0.02189,25.9,26.7,6912,14400
590dd08f71056cacv,17666.78338623047,18752.076293945312,5.481421637897969,4.387735398568326,1,dark,0.02185,18.9,19.5,18432,17280
590dd08f71056cacv,25153.413482666016,17942.6290435791,5.552652535575551,5.063549476204323,0,cooperative,0.02172,18.6,18.5,17856,24768
590dd08f71056cacv,7828.024963378906,8387.671325683594,6.4203849614489545,3.500492887886781,0,cooperative,0.02156,25.3,24.2,8064,7488
590dd08f71056cacv,23601.689575195312,15672.823127746582,5.75834498423976,4.924210427755032,0,cooperative,0.02134,16.3,15.9,15552,23040
590dd08f71056cacv,25538.76091003418,17584.096313476562,5.5849426753541875,5.0984337710989305,0,cooperative,0.02128,24.8,24.1,17280,25344
590dd08f71056cacv,14475.079734802246,7032.5979080200195,6.542004282286495,4.101795460171107,0,cooperative,0.02123,22.6,22.6,6912,14400
590dd08f71056cacv,14404.846309185028,7155.411682128906,6.530910303228595,4.09541966794386,0,cooperative,0.02104,9.7,19.7,6912,14400
590dd08f71056cacv,25261.540802001953,16955.759689331055,5.641836171618779,5.073620165810319,1,dark,0.02101,22.2,22.0,16704,24768
590dd08f71056cacv,10424.488555908203,6724.6793212890625,6.570526025078902,3.735497776495244,0,cooperative,0.02098,15.0,28.6,6336,9792
590dd08f71056cacv,25355.289794921875,18186.879364013672,5.53050728092758,5.081687187842714,0,cooperative,0.02096,25.0,24.7,17856,24768
590dd08f71056cacv,7971.9556884765625,7840.364044189453,6.469880417938498,3.513557953519036,1,dark,0.02072,29.5,28.9,7488,7488
590dd08f71056cacv,9961.029159545898,6373.937671661377,6.602312016506725,3.6936216473817116,0,cooperative,0.02025,32.0,32.9,6336,9792
590dd08f71056cacv,15048.861694335938,7101.843963623047,6.535625080042203,4.153671010426545,0,cooperative,0.0202,16.2,16.6,6912,14976
590dd08f71056cacv,15365.842193603516,7898.9931640625,6.463462693581285,4.182167954298219,0,cooperative,0.02018,21.0,21.3,7488,14976
590dd08f71056cacv,8072.706970214844,8379.463897705078,6.42110529049535,3.5226195654906056,1,dark,0.02016,23.8,23.7,8064,7488
590dd08f71056cacv,22705.99349975586,14509.827507019043,5.8637664522967645,4.843697147062449,1,dark,0.02014,20.4,20.0,14400,22464
590dd08f71056cacv,25777.843383789062,17670.45867919922,5.577057855948762,5.119978526122573,0,cooperative,0.0198,23.9,24.0,17280,25344
590dd08f71056cacv,8193.576629638672,8374.287048339844,6.4215623067592125,3.5335499504563703,0,cooperative,0.01963,19.3,19.2,8064,8064
590dd08f71056cacv,15024.235107421875,7730.487365722656,6.4787737320316,4.151314475674614,0,cooperative,0.01934,30.8,30.2,7488,14400
590dd08f71056cacv,18426.812438964844,15113.989379882812,5.8102687179375625,4.457149320309604,0,cooperative,0.01933,24.5,24.2,14976,17856
590dd08f71056cacv,6254.503356933594,9245.233306884766,6.342929066077998,3.358148106142207,0,cooperative,0.01925,8.3,8.3,9216,5760
590dd08f71056cacv,14550.196395874023,7155.268463134766,6.530894494691185,4.108564243771967,0,cooperative,0.01871,28.6,28.8,6912,14400
590dd08f71056cacv,24934.737854003906,16448.562622070312,5.687794417490803,5.044289653719262,0,cooperative,0.01856,18.3,18.7,16128,24768
590dd08f71056cacv,22561.514205932617,16062.624633789062,5.723409360009211,4.830199830892878,0,cooperative,0.01854,17.2,17.2,15552,22464
590dd08f71056cacv,10618.832458496094,11582.687629699707,6.131072840988502,3.752437840072756,0,cooperative,0.01845,22.0,21.9,11520,10368
590dd08f71056cacv,14411.717407226562,7207.7911376953125,6.526171505413164,4.096030744296271,0,cooperative,0.01832,23.4,23.2,6912,14400
590dd08f71056cacv,15005.006034851074,6622.093078613281,6.579024244643218,4.1498044510149334,0,cooperative,0.01831,21.7,22.0,6336,14976
590dd08f71056cacv,15328.879333496094,7936.758605957031,6.460054852582307,4.178817894954175,0,cooperative,0.01829,20.5,19.6,7488,14976
590dd08f71056cacv,14625.679077148438,7067.059356689453,6.538857417585308,4.115408075175017,0,cooperative,0.01826,21.4,21.8,6912,14400
590dd08f71056cacv,24977.847412109375,16374.575012207031,5.694469542555789,5.048204023456107,0,cooperative,0.01823,17.9,18.2,16128,24768
590dd08f71056cacv,10337.955322265625,6806.561096191406,6.563130934922191,3.727660065275888,0,cooperative,0.01807,28.2,27.8,6336,9792
590dd08f71056cacv,13929.946311950684,7986.597595214844,6.455824312879754,4.052316148606636,0,cooperative,0.01803,24.7,24.0,7488,13824
590dd08f71056cacv,14069.85678100586,8134.937822341919,6.442381248363874,4.064939072810733,0,cooperative,0.01794,27.4,26.8,8064,13824
590dd08f71056cacv,8543.197845458984,8290.827514648438,6.429077918001944,3.5651734437284777,0,cooperative,0.01784,21.7,21.7,8064,8064
590dd08f71056cacv,25473.61022567749,18680.109375,5.485879719448884,5.092206557804188,0,cooperative,0.01774,24.8,24.7,18432,25344
590dd08f71056cacv,6951.487174987793,8776.33724975586,6.385297803469091,3.4212005732407054,0,cooperative,0.01759,9.1,9.2,8640,6912
590dd08f71056cacv,7964.177551269531,7801.967498779297,6.473354400810525,3.512858033322768,0,cooperative,0.01757,11.6,11.7,7488,7488
590dd08f71056cacv,15409.2490234375,7885.5302734375,6.4646711712475495,4.186095596601275,0,cooperative,0.01754,24.9,25.2,7488,14976
590dd08f71056cacv,15314.303283691406,8106.00439453125,6.444750901462995,4.177464601813484,0,cooperative,0.01741,26.0,25.6,7488,14976
590dd08f71056cacv,24365.87631225586,18188.926025390625,5.530628881263054,4.992414227267337,0,cooperative,0.01731,16.4,16.1,17856,24192
590dd08f71056cacv,25174.074188232422,17841.0830078125,5.56182633614212,5.06544567764265,0,cooperative,0.01708,28.0,27.7,17280,24768
590dd08f71056cacv,2357.050018310547,8647.07199048996,6.397163604940023,3.0057538042212517,0,cooperative,0.017,21.9,14.1,8640,1728
590dd08f71056cacv,25717.702270507812,17629.46221923828,5.580783574652621,5.1145652720914505,0,cooperative,0.01686,17.5,17.3,17280,25344
590dd08f71056cacv,25075.170349121094,16524.243103027344,5.680907429162857,5.056939517706612,0,cooperative,0.01685,24.7,24.7,16128,24768
590dd08f71056cacv,8182.254623413086,8171.252388000488,6.439929442674006,3.532545247319756,1,dark,0.01676,27.9,28.2,8064,8064
590dd08f71056cacv,14725.90625,7131.945556640625,6.532968680691568,4.124458967743122,0,cooperative,0.01666,23.9,23.9,6912,14400
590dd08f71056cacv,25859.487548828125,17669.155181884766,5.577149095503538,5.12734567222994,0,cooperative,0.01665,26.1,25.7,17280,25344
590dd08f71056cacv,24649.69317626953,14714.993041992188,5.84461260405282,5.0191179907010515,0,cooperative,0.01661,12.4,12.8,14400,24192
590dd08f71056cacv,6750.509826660156,8671.251686096191,6.39481834810711,3.4030351679774555,0,cooperative,0.0166,17.1,17.8,8640,6336
590dd08f71056cacv,23547.876525878906,14026.251419067383,5.90723227827572,4.919859106756897,0,cooperative,0.01643,17.1,17.2,13824,23040
590dd08f71056cacv,17769.287963867188,16443.128845214844,5.6902154403236285,4.3974813331518705,0,cooperative,0.01615,24.5,24.9,16128,17280
590dd08f71056cacv,25500.557388305664,17875.694213867188,5.55859344957261,5.094893127717558,0,cooperative,0.01605,25.6,25.3,17280,25344
590dd08f71056cacv,24874.0552444458,15950.487091064453,5.732843061034689,5.038972198281424,0,cooperative,0.01597,18.8,18.8,15552,24768
590dd08f71056cacv,25321.100952148438,17989.15704345703,5.548393137614887,5.078665001100369,0,cooperative,0.01578,19.0,18.2,17856,24768
590dd08f71056cacv,23441.356079101562,13613.491394042969,5.944584228533864,4.910369373307788,0,cooperative,0.01577,25.3,24.0,13248,23040
590dd08f71056cacv,23408.647735595703,15655.693801879883,5.759952274653722,4.906789820223724,0,cooperative,0.01565,16.7,16.1,15552,23040
590dd08f71056cacv,6544.921936035156,19147.3388671875,5.44715103850864,3.383790471049313,0,cooperative,0.01562,7.5,7.4,19008,6336
590dd08f71056cacv,14564.166046142578,7094.127655029297,6.536421549458456,4.109839756321898,0,cooperative,0.01559,21.6,20.6,6912,14400
590dd08f71056cacv,2828.881591796875,6250.280212402344,6.6139785957549515,3.048440773433158,0,cooperative,0.01525,11.2,10.7,5760,2304
590dd08f71056cacv,14426.90771484375,8212.100296020508,6.435333909971671,4.097208117687437,0,cooperative,0.01515,26.6,26.3,8064,13824
590dd08f71056cacv,25255.44305419922,18553.487091064453,5.497395598449978,5.072563469852648,0,cooperative,0.01505,27.9,28.2,18432,24768
590dd08f71056cacv,7539.757514953613,7912.8304443359375,6.463363201577815,3.474465453338429,1,dark,0.01501,20.8,21.3,7488,7488
590dd08f71056cacv,25638.730895996094,17844.55975341797,5.56136370765379,5.107370278148599,0,cooperative,0.015,22.9,23.3,17280,25344
590dd08f71056cacv,14637.268676757812,6931.463663101196,6.55111891573131,4.116483417298318,0,cooperative,0.01493,27.0,27.1,6912,14400
590dd08f71056cacv,25145.78973388672,17796.516723632812,5.565864309354259,5.062907593999569,0,cooperative,0.01484,23.4,22.7,17280,24768
590dd08f71056cacv,18042.89942932129,14691.717895507812,5.848545479952766,4.422578252514351,1,dark,0.01459,21.5,21.8,14400,17856
590dd08f71056cacv,14518.72420501709,7042.09602355957,6.541136566083308,4.105740587392934,0,cooperative,0.01451,28.2,28.2,6912,14400
590dd08f71056cacv,16341.218322753906,22503.471435546875,5.142399459475199,4.267405478358444,0,cooperative,0.01446,18.2,18.4,21888,16128
590dd08f71056cacv,14633.1474609375,7208.6383056640625,6.526050938209446,4.1160550994185865,0,cooperative,0.01444,26.3,26.5,6912,14400
590dd08f71056cacv,14723.908752441406,7050.4354248046875,6.540341172964154,4.124294795434834,0,cooperative,0.0144,19.1,19.4,6912,14400
590dd08f71056cacv,23445.225952148438,4087.4874267578125,6.805840550477428,4.913910585394992,0,cooperative,0.01434,14.5,13.8,3456,23040
590dd08f71056cacv,4697.659782409668,11742.168518066406,6.117130004391083,3.2172914130842893,0,cooperative,0.01427,7.3,7.4,11520,4608
590dd08f71056cacv,6730.489013671875,8647.709089756012,6.396949418443582,3.4012264639636616,0,cooperative,0.01385,25.8,15.3,8640,6336
590dd08f71056cacv,8620.317138671875,8769.269515991211,6.3857916014716904,3.5720989702373926,0,cooperative,0.01332,9.1,8.9,8640,8064
590dd08f71056cacv,6963.65274810791,7824.982482910156,6.4713557652983,3.422371612131759,0,cooperative,0.01326,24.4,23.7,7488,6912
590dd08f71056cacv,25342.989318847656,17941.766235351562,5.552670537156083,5.080654966295738,0,cooperative,0.01322,22.5,22.9,17856,24768
590dd08f71056cacv,7026.333908081055,7827.872985839844,6.471089550461943,3.4280401132017793,0,cooperative,0.01308,23.5,23.3,7488,6912
590dd08f71056cacv,15030.1275100708,7348.227844238281,6.513345262496818,4.151925914585613,0,cooperative,0.01305,26.1,25.6,6912,14976
590dd08f71056cacv,15296.581481933594,7856.12744140625,6.467354086876855,4.175914412464797,0,cooperative,0.01287,19.8,18.8,7488,14976
590dd08f71056cacv,7674.6375732421875,7068.944427490234,6.539688095301105,3.4867367810874357,0,cooperative,0.01284,19.1,18.6,6912,7488
590dd08f71056cacv,14820.810119628906,7122.798187255859,6.533776759876661,4.133043294770158,0,cooperative,0.01261,27.5,26.9,6912,14400
590dd08f71056cacv,15567.464599609375,7963.5343017578125,6.4575828005388285,4.200384656524718,0,cooperative,0.01259,22.9,22.9,7488,14976
590dd08f71056cacv,6848.865173339844,8859.026916503906,6.3778252387275485,3.4119152809354545,0,cooperative,0.01257,12.2,11.9,8640,6336
590dd08f71056cacv,12267.960021972656,8164.197914123535,6.440048590920176,3.9020044541407763,0,cooperative,0.01256,25.1,26.3,8064,12096
590dd08f71056cacv,15145.216796875,7119.738815307617,6.533986571963942,4.1623809352443795,0,cooperative,0.01255,21.2,20.3,6912,14976
590dd08f71056cacv,6725.952087402344,8756.699012756348,6.38709054832525,3.4008085390434655,0,cooperative,0.01239,17.3,17.7,8640,6336
590dd08f71056cacv,7145.395416259766,8482.240905761719,6.411886879200667,3.438756866658102,0,cooperative,0.01232,19.7,19.5,8064,6912
590dd08f71056cacv,25593.6298828125,17405.44859313965,5.6010752827349695,5.103442419376049,1,dark,0.01221,19.2,19.0,17280,25344
590dd08f71056cacv,14034.121795654297,9680.132568359375,6.3026308066524335,4.061420637610192,0,cooperative,0.01209,8.4,8.3,9216,13824
590dd08f71056cacv,14660.107963562012,7152.9952392578125,6.5310781171911625,4.1185043717165986,0,cooperative,0.01201,26.0,24.6,6912,14400
590dd08f71056cacv,14741.012451171875,7905.8433837890625,6.462971269239809,4.1256694467553805,0,cooperative,0.01191,16.2,16.4,7488,14400
590dd08f71056cacv,15608.440124511719,7998.874450683594,6.454377835999825,4.204082006208214,0,cooperative,0.01184,15.1,23.4,7488,14976
590dd08f71056cacv,14921.600692749023,6997.021179199219,6.5451318449510465,4.142183927609751,0,cooperative,0.01183,25.2,27.5,6912,14400
590dd08f71056cacv,14521.446701049805,7238.127960205078,6.523406030482193,4.105947863155417,0,cooperative,0.01178,17.9,17.9,6912,14400
590dd08f71056cacv,14381.389526367188,8210.70327758789,6.435469084364786,4.093092774679514,0,cooperative,0.01177,25.6,24.8,8064,13824
590dd08f71056cacv,25222.808319091797,17830.874755859375,5.562733798608884,5.069846211343075,0,cooperative,0.01173,18.3,18.9,17280,24768
590dd08f71056cacv,25238.922241210938,18089.173263549805,5.539377180374581,5.071218643699266,0,cooperative,0.01167,19.7,19.7,17856,24768
590dd08f71056cacv,24824.849365234375,14791.156799316406,5.837669848148269,5.034905708863698,0,cooperative,0.01164,9.6,10.3,14400,24192
590dd08f71056cacv,25509.690536499023,18228.687774658203,5.526678579861495,5.09560463071544,0,cooperative,0.01162,24.1,23.7,17856,25344
590dd08f71056cacv,14290.250061035156,8129.554832458496,6.442826149489341,4.084867790424941,0,cooperative,0.01155,22.2,22.4,8064,13824
590dd08f71056cacv,25821.2314453125,17760.31219482422,5.568920793375946,5.123864219400794,0,cooperative,0.01154,17.6,18.2,17280,25344
590dd08f71056cacv,15470.139953613281,7924.2161865234375,6.461159474964358,4.1915931114283556,0,cooperative,0.0115,19.0,19.2,7488,14976
590dd08f71056cacv,7532.672607421875,6953.759490013123,6.550119780940533,3.4739060243365554,0,cooperative,0.01133,21.7,22.3,6912,6912
590dd08f71056cacv,15613.265808105469,6770.551605224609,6.565467961523327,4.204783137142051,0,cooperative,0.0113,5.4,10.2,6336,14976
590dd08f71056cacv,14608.63003540039,6941.816577911377,6.5501883081499335,4.113891349411291,0,cooperative,0.01111,25.1,24.8,6912,14400
590dd08f71056cacv,15037.959896087646,6580.514022827148,6.582777907249073,4.152793498177006,0,cooperative,0.01107,21.3,21.2,6336,14976
590dd08f71056cacv,25894.152587890625,17797.845443725586,5.565503964507845,5.130431538567432,0,cooperative,0.01093,24.0,23.9,17280,25344
590dd08f71056cacv,7239.830596923828,8382.52783203125,6.420899449144866,3.447304191283836,0,cooperative,0.01087,12.8,13.0,8064,6912
590dd08f71056cacv,14582.788360595703,7165.272186279297,6.529983219049128,4.1115096516808185,0,cooperative,0.0108,27.1,25.9,6912,14400
590dd08f71056cacv,7991.661376953125,8384.325866699219,6.420672912375719,3.515290391339932,0,cooperative,0.01078,16.1,15.8,8064,7488
590dd08f71056cacv,5313.718322753906,8644.178602218628,6.39735282039882,3.2731149108379776,1,dark,0.01065,19.3,8.1,8640,5184
590dd08f71056cacv,19661.44319152832,10892.733276367188,6.191694411072924,4.569724382224352,0,cooperative,0.01034,17.3,16.8,10368,19584
590dd08f71056cacv,8234.22152709961,8370.770935058594,6.421876523979925,3.5372256846016352,1,dark,0.0103,27.2,26.9,8064,8064
590dd08f71056cacv,20747.358154296875,10375.88540649414,6.238130517704448,4.667989350963016,0,cooperative,0.01029,26.2,15.4,10368,20160
590dd08f71056cacv,8189.774841308594,12697.54931640625,6.030486808964428,3.532811883704472,0,cooperative,0.01027,8.8,8.8,12096,8064
590dd08f71056cacv,25379.532195091248,17987.45817565918,5.548528161503735,5.083937657795388,0,cooperative,0.01012,20.9,19.5,17856,25344
590dd08f71056cacv,23765.938415527344,16219.066116333008,5.708907850108959,4.938870170107862,0,cooperative,0.01008,19.0,18.6,16128,23616
590dd08f71056cacv,14192.851104736328,8038.19677734375,6.451107729070606,4.076078529062697,0,cooperative,0.01,26.3,27.1,7488,13824
